<?xml version="1.0" encoding="UTF-8"?>
<project-private xmlns="http://www.netbeans.org/ns/project-private/1">
    <editor-bookmarks xmlns="http://www.netbeans.org/ns/editor-bookmarks/2" lastBookmarkId="1">
        <file>
            <url>src/estatica/view/FormNPR.java</url>
            <bookmark id="1">
                <name/>
                <line>19</line>
                <key/>
            </bookmark>
        </file>
    </editor-bookmarks>
    <open-files xmlns="http://www.netbeans.org/ns/projectui-open-files/2">
        <group>
            <file>file:/F:/Faculdade/Semestre%2002/Fundamentos%20e%20Estrutura%20de%20dados/Projeto/EstruturaDeDados/src/estatica/Fila.java</file>
            <file>file:/F:/Faculdade/Semestre%2002/Fundamentos%20e%20Estrutura%20de%20dados/Projeto/EstruturaDeDados/src/estatica/view/FormNPR.java</file>
            <file>file:/F:/Faculdade/Semestre%2002/Fundamentos%20e%20Estrutura%20de%20dados/Projeto/EstruturaDeDados/src/estatica/view/FormNPR2.java</file>
            <file>file:/F:/Faculdade/Semestre%2002/Fundamentos%20e%20Estrutura%20de%20dados/Projeto/EstruturaDeDados/src/estatica/aplicacoes/Npr.java</file>
        </group>
    </open-files>
</project-private>
