<?xml version="1.0" encoding="UTF-8"?>
<project-private xmlns="http://www.netbeans.org/ns/project-private/1">
    <editor-bookmarks xmlns="http://www.netbeans.org/ns/editor-bookmarks/2" lastBookmarkId="0"/>
    <open-files xmlns="http://www.netbeans.org/ns/projectui-open-files/2">
        <group>
            <file>file:/F:/Faculdade/Semestre%2002/Fundamentos%20e%20Estrutura%20de%20dados/Projeto/EstruturaDeDados/src/ordenacao/TesteOrdenacaoString.java</file>
            <file>file:/F:/Faculdade/Semestre%2002/Fundamentos%20e%20Estrutura%20de%20dados/Projeto/EstruturaDeDados/src/ordenacao/Sort.java</file>
            <file>file:/F:/Faculdade/Semestre%2002/Fundamentos%20e%20Estrutura%20de%20dados/Projeto/EstruturaDeDados/src/ordenacao/SelectSort.java</file>
            <file>file:/F:/Faculdade/Semestre%2002/Fundamentos%20e%20Estrutura%20de%20dados/Projeto/EstruturaDeDados/src/ordenacao/InsertSort.java</file>
            <file>file:/F:/Faculdade/Semestre%2002/Fundamentos%20e%20Estrutura%20de%20dados/Projeto/EstruturaDeDados/src/ordenacao/TesteOrdenacao.java</file>
            <file>file:/F:/Faculdade/Semestre%2002/Fundamentos%20e%20Estrutura%20de%20dados/Projeto/EstruturaDeDados/src/ordenacao/BubbleSort.java</file>
        </group>
    </open-files>
</project-private>
